product_name,price,rating,product_link
"Late 2019 Apple MacBook Pro with 2.6GHz Intel Core i7 (16-Inch, 16GB RAM, 512GB Storage) - Silver (Renewed)",839.,4.2 out of 5 stars,https://www.amazon.com/Apple-MacBook-16-Inch-Storage-2-6GHz/dp/B08CZT64VP/ref=sr_1_1?crid=3CHS3289UBR9B&dib=eyJ2IjoiMSJ9.yGAoIKK5cVh1lv67ya4Rgnw1zHFe4B3fY0BkIwsjE2aVIlMX4AsjgdYF9DdXkp1j4lVqx9QIx8PfCslSuxvzs8BjB2NjQ3F65YVhO67A4QPUlZPdxv1ovp5s3CXfcKrvhMDSS3AukUiY4Xc-d8OSAfsbfjEXB-Pf3b6ku5950fIhuKUsaW8j4crQA26tYKon-qojMsfgHb172ZFnd3bpiRRRox3ZFPUg8VGug8TJsLA.6Z9KAfFuIFBFvqOpu52qhMpXGRMff3oo3QUkmg5Prdw&dib_tag=se&keywords=macbook&qid=1740822722&sprefix=macb%2Caps%2C322&sr=8-1&xpid=h062vM3nTWtUZ
"Apple 2024 MacBook Pro Laptop with M4, 10‑core CPU, 10‑core GPU: Built for Apple Intelligence, 14.2-inch Liquid Retina XDR Display, 24GB Unified Memory, 512GB SSD Storage; Space Black - Z1DS0005P",No Price Tag,5.0 out of 5 stars,https://www.amazon.com/Apple-2024-MacBook-Laptop-10%E2%80%91core/dp/B0DP3KYZDV/ref=sr_1_2?crid=3CHS3289UBR9B&dib=eyJ2IjoiMSJ9.yGAoIKK5cVh1lv67ya4Rgnw1zHFe4B3fY0BkIwsjE2aVIlMX4AsjgdYF9DdXkp1j4lVqx9QIx8PfCslSuxvzs8BjB2NjQ3F65YVhO67A4QPUlZPdxv1ovp5s3CXfcKrvhMDSS3AukUiY4Xc-d8OSAfsbfjEXB-Pf3b6ku5950fIhuKUsaW8j4crQA26tYKon-qojMsfgHb172ZFnd3bpiRRRox3ZFPUg8VGug8TJsLA.6Z9KAfFuIFBFvqOpu52qhMpXGRMff3oo3QUkmg5Prdw&dib_tag=se&keywords=macbook&qid=1740822722&sprefix=macb%2Caps%2C322&sr=8-2&xpid=h062vM3nTWtUZ
"Late-2018 Apple MacBook Air with Core i5 (13-inch, 8GB RAM, 256GB) (QWERTY English) Gold (Renewed)",749.,3.9 out of 5 stars,https://www.amazon.com/Apple-MacBook-13-inch-Display-Dual-core/dp/B07KGJ3Z8H/ref=sr_1_3?crid=3CHS3289UBR9B&dib=eyJ2IjoiMSJ9.yGAoIKK5cVh1lv67ya4Rgnw1zHFe4B3fY0BkIwsjE2aVIlMX4AsjgdYF9DdXkp1j4lVqx9QIx8PfCslSuxvzs8BjB2NjQ3F65YVhO67A4QPUlZPdxv1ovp5s3CXfcKrvhMDSS3AukUiY4Xc-d8OSAfsbfjEXB-Pf3b6ku5950fIhuKUsaW8j4crQA26tYKon-qojMsfgHb172ZFnd3bpiRRRox3ZFPUg8VGug8TJsLA.6Z9KAfFuIFBFvqOpu52qhMpXGRMff3oo3QUkmg5Prdw&dib_tag=se&keywords=macbook&qid=1740822722&sprefix=macb%2Caps%2C322&sr=8-3&xpid=h062vM3nTWtUZ
"Apple 2024 MacBook Pro Laptop with M4 Pro, 14‑core CPU, 20‑core GPU: Built for Apple Intelligence, 16.2-inch Liquid Retina XDR Display, 24GB Unified Memory, 512GB SSD Storage; Space Black",No Price Tag,4.7 out of 5 stars,https://www.amazon.com/Apple-MacBook-Laptop-14%E2%80%91core-20%E2%80%91core/dp/B0DLHDCN6P/ref=sr_1_4?crid=3CHS3289UBR9B&dib=eyJ2IjoiMSJ9.yGAoIKK5cVh1lv67ya4Rgnw1zHFe4B3fY0BkIwsjE2aVIlMX4AsjgdYF9DdXkp1j4lVqx9QIx8PfCslSuxvzs8BjB2NjQ3F65YVhO67A4QPUlZPdxv1ovp5s3CXfcKrvhMDSS3AukUiY4Xc-d8OSAfsbfjEXB-Pf3b6ku5950fIhuKUsaW8j4crQA26tYKon-qojMsfgHb172ZFnd3bpiRRRox3ZFPUg8VGug8TJsLA.6Z9KAfFuIFBFvqOpu52qhMpXGRMff3oo3QUkmg5Prdw&dib_tag=se&keywords=macbook&qid=1740822722&sprefix=macb%2Caps%2C322&sr=8-4&xpid=h062vM3nTWtUZ
"Apple MacBook Pro 16.2"", M4 Pro Chip with 14-Core CPU and 20-Core GPU, Late 2024 - Space Black, Standard Display, 48GB, 1TB SSD",No Price Tag,4.0 out of 5 stars,https://www.amazon.com/Apple-MacBook-16-2-14-Core-20-Core/dp/B0DNR9BDDS/ref=sr_1_5?crid=3CHS3289UBR9B&dib=eyJ2IjoiMSJ9.yGAoIKK5cVh1lv67ya4Rgnw1zHFe4B3fY0BkIwsjE2aVIlMX4AsjgdYF9DdXkp1j4lVqx9QIx8PfCslSuxvzs8BjB2NjQ3F65YVhO67A4QPUlZPdxv1ovp5s3CXfcKrvhMDSS3AukUiY4Xc-d8OSAfsbfjEXB-Pf3b6ku5950fIhuKUsaW8j4crQA26tYKon-qojMsfgHb172ZFnd3bpiRRRox3ZFPUg8VGug8TJsLA.6Z9KAfFuIFBFvqOpu52qhMpXGRMff3oo3QUkmg5Prdw&dib_tag=se&keywords=macbook&qid=1740822722&sprefix=macb%2Caps%2C322&sr=8-5&xpid=h062vM3nTWtUZ
"Apple 2024 MacBook Pro Laptop with M4 Pro, 14‑core CPU, 20‑core GPU: Built for Apple Intelligence, 16.2-inch Liquid Retina XDR Display, 48GB Unified Memory, 2TB SSD Storage; Space Black - Z1FT000CF",No Price Tag,No Rating,https://www.amazon.com/Apple-MacBook-Laptop-14%E2%80%91core-20%E2%80%91core/dp/B0DP5J4V4Y/ref=sr_1_6?crid=3CHS3289UBR9B&dib=eyJ2IjoiMSJ9.yGAoIKK5cVh1lv67ya4Rgnw1zHFe4B3fY0BkIwsjE2aVIlMX4AsjgdYF9DdXkp1j4lVqx9QIx8PfCslSuxvzs8BjB2NjQ3F65YVhO67A4QPUlZPdxv1ovp5s3CXfcKrvhMDSS3AukUiY4Xc-d8OSAfsbfjEXB-Pf3b6ku5950fIhuKUsaW8j4crQA26tYKon-qojMsfgHb172ZFnd3bpiRRRox3ZFPUg8VGug8TJsLA.6Z9KAfFuIFBFvqOpu52qhMpXGRMff3oo3QUkmg5Prdw&dib_tag=se&keywords=macbook&qid=1740822722&sprefix=macb%2Caps%2C322&sr=8-6&xpid=h062vM3nTWtUZ
"Apple 2024 MacBook Air 15-inch Laptop with M3 chip, 16GB Unified Memory, 512GB SSD Storage, Space Gray",No Price Tag,No Rating,https://www.amazon.com/Apple-MacBook-15-inch-Unified-Storage/dp/B0DVBNN5D4/ref=sr_1_7?crid=3CHS3289UBR9B&dib=eyJ2IjoiMSJ9.yGAoIKK5cVh1lv67ya4Rgnw1zHFe4B3fY0BkIwsjE2aVIlMX4AsjgdYF9DdXkp1j4lVqx9QIx8PfCslSuxvzs8BjB2NjQ3F65YVhO67A4QPUlZPdxv1ovp5s3CXfcKrvhMDSS3AukUiY4Xc-d8OSAfsbfjEXB-Pf3b6ku5950fIhuKUsaW8j4crQA26tYKon-qojMsfgHb172ZFnd3bpiRRRox3ZFPUg8VGug8TJsLA.6Z9KAfFuIFBFvqOpu52qhMpXGRMff3oo3QUkmg5Prdw&dib_tag=se&keywords=macbook&qid=1740822722&sprefix=macb%2Caps%2C322&sr=8-7&xpid=h062vM3nTWtUZ
"2020 Apple MacBook Air Laptop: Apple M1 Chip, 13” Retina Display, 8GB RAM, 256GB SSD Storage, Backlit Keyboard, FaceTime HD Camera, Touch ID. Works with iPhone/iPad; Silver",No Price Tag,4.7 out of 5 stars,https://www.amazon.com/Apple-MacBook-13-inch-256GB-Storage/dp/B08N5KWB9H/ref=sr_1_8?crid=3CHS3289UBR9B&dib=eyJ2IjoiMSJ9.yGAoIKK5cVh1lv67ya4Rgnw1zHFe4B3fY0BkIwsjE2aVIlMX4AsjgdYF9DdXkp1j4lVqx9QIx8PfCslSuxvzs8BjB2NjQ3F65YVhO67A4QPUlZPdxv1ovp5s3CXfcKrvhMDSS3AukUiY4Xc-d8OSAfsbfjEXB-Pf3b6ku5950fIhuKUsaW8j4crQA26tYKon-qojMsfgHb172ZFnd3bpiRRRox3ZFPUg8VGug8TJsLA.6Z9KAfFuIFBFvqOpu52qhMpXGRMff3oo3QUkmg5Prdw&dib_tag=se&keywords=macbook&qid=1740822722&sprefix=macb%2Caps%2C322&sr=8-8&xpid=h062vM3nTWtUZ
"Apple 2023 MacBook Pro Laptop with Apple M2 Pro chip with 12‑core CPU and 19‑core GPU: 16.2-inch Liquid Retina XDR Display, 16GB Unified Memory, 512GB SSD Storage. Works with iPhone/iPad; Silver",No Price Tag,4.7 out of 5 stars,https://www.amazon.com/Apple-MacBook-Laptop-12%E2%80%91core-19%E2%80%91core/dp/B0BSHF7LLL/ref=sr_1_9?crid=3CHS3289UBR9B&dib=eyJ2IjoiMSJ9.yGAoIKK5cVh1lv67ya4Rgnw1zHFe4B3fY0BkIwsjE2aVIlMX4AsjgdYF9DdXkp1j4lVqx9QIx8PfCslSuxvzs8BjB2NjQ3F65YVhO67A4QPUlZPdxv1ovp5s3CXfcKrvhMDSS3AukUiY4Xc-d8OSAfsbfjEXB-Pf3b6ku5950fIhuKUsaW8j4crQA26tYKon-qojMsfgHb172ZFnd3bpiRRRox3ZFPUg8VGug8TJsLA.6Z9KAfFuIFBFvqOpu52qhMpXGRMff3oo3QUkmg5Prdw&dib_tag=se&keywords=macbook&qid=1740822722&sprefix=macb%2Caps%2C322&sr=8-9&xpid=h062vM3nTWtUZ
"Apple MacBook Air 13.6"" with Liquid Retina Display, M3 Chip with 8-Core CPU and 10-Core GPU, 16GB Memory, 256GB SSD, Starlight, Early 2024",No Price Tag,No Rating,https://www.amazon.com/Apple-MacBook-Display-10-Core-Starlight/dp/B0CYS224Z2/ref=sr_1_10?crid=3CHS3289UBR9B&dib=eyJ2IjoiMSJ9.yGAoIKK5cVh1lv67ya4Rgnw1zHFe4B3fY0BkIwsjE2aVIlMX4AsjgdYF9DdXkp1j4lVqx9QIx8PfCslSuxvzs8BjB2NjQ3F65YVhO67A4QPUlZPdxv1ovp5s3CXfcKrvhMDSS3AukUiY4Xc-d8OSAfsbfjEXB-Pf3b6ku5950fIhuKUsaW8j4crQA26tYKon-qojMsfgHb172ZFnd3bpiRRRox3ZFPUg8VGug8TJsLA.6Z9KAfFuIFBFvqOpu52qhMpXGRMff3oo3QUkmg5Prdw&dib_tag=se&keywords=macbook&qid=1740822722&sprefix=macb%2Caps%2C322&sr=8-10&xpid=h062vM3nTWtUZ
"Apple MacBook Pro 14.2"" with M4 Pro Chip, Late 2024 - Space Black, 14-Core / 20-Core, Standard Display, 48GB, 96W Adapter, 1TB SSD",No Price Tag,5.0 out of 5 stars,https://www.amazon.com/Apple-MacBook-14-2-Chip-Late/dp/B0DNRGZM1X/ref=sr_1_11?crid=3CHS3289UBR9B&dib=eyJ2IjoiMSJ9.yGAoIKK5cVh1lv67ya4Rgnw1zHFe4B3fY0BkIwsjE2aVIlMX4AsjgdYF9DdXkp1j4lVqx9QIx8PfCslSuxvzs8BjB2NjQ3F65YVhO67A4QPUlZPdxv1ovp5s3CXfcKrvhMDSS3AukUiY4Xc-d8OSAfsbfjEXB-Pf3b6ku5950fIhuKUsaW8j4crQA26tYKon-qojMsfgHb172ZFnd3bpiRRRox3ZFPUg8VGug8TJsLA.6Z9KAfFuIFBFvqOpu52qhMpXGRMff3oo3QUkmg5Prdw&dib_tag=se&keywords=macbook&qid=1740822722&sprefix=macb%2Caps%2C322&sr=8-11&xpid=h062vM3nTWtUZ
"Apple 2023 MacBook Air Laptop with M2 chip: 15.3-inch Liquid Retina Display, 8GB Unified Memory, 512GB SSD Storage, 1080p FaceTime HD Camera, Touch ID. Works with iPhone/iPad; Space Gray",No Price Tag,4.8 out of 5 stars,https://www.amazon.com/Apple-2023-MacBook-Laptop-chip/dp/B0C762Y69D/ref=sr_1_12?crid=3CHS3289UBR9B&dib=eyJ2IjoiMSJ9.yGAoIKK5cVh1lv67ya4Rgnw1zHFe4B3fY0BkIwsjE2aVIlMX4AsjgdYF9DdXkp1j4lVqx9QIx8PfCslSuxvzs8BjB2NjQ3F65YVhO67A4QPUlZPdxv1ovp5s3CXfcKrvhMDSS3AukUiY4Xc-d8OSAfsbfjEXB-Pf3b6ku5950fIhuKUsaW8j4crQA26tYKon-qojMsfgHb172ZFnd3bpiRRRox3ZFPUg8VGug8TJsLA.6Z9KAfFuIFBFvqOpu52qhMpXGRMff3oo3QUkmg5Prdw&dib_tag=se&keywords=macbook&qid=1740822722&sprefix=macb%2Caps%2C322&sr=8-12&xpid=h062vM3nTWtUZ
"Microsoft Surface Laptop (2024), Windows 11 Copilot+ PC, 13.8"" Touchscreen Display, Snapdragon X Plus (10 core), 16GB RAM, 512GB SSD Storage, Sapphire",938.,4.2 out of 5 stars,https://www.amazon.com/Microsoft-Surface-Touchscreen-Snapdragon-Sapphire/dp/B0CXKY7JYZ/ref=sr_1_13?crid=3CHS3289UBR9B&dib=eyJ2IjoiMSJ9.yGAoIKK5cVh1lv67ya4Rgnw1zHFe4B3fY0BkIwsjE2aVIlMX4AsjgdYF9DdXkp1j4lVqx9QIx8PfCslSuxvzs8BjB2NjQ3F65YVhO67A4QPUlZPdxv1ovp5s3CXfcKrvhMDSS3AukUiY4Xc-d8OSAfsbfjEXB-Pf3b6ku5950fIhuKUsaW8j4crQA26tYKon-qojMsfgHb172ZFnd3bpiRRRox3ZFPUg8VGug8TJsLA.6Z9KAfFuIFBFvqOpu52qhMpXGRMff3oo3QUkmg5Prdw&dib_tag=se&keywords=macbook&qid=1740822722&sprefix=macb%2Caps%2C322&sr=8-13&xpid=h062vM3nTWtUZ
"Apple MacBook Air 13.6"" with Liquid Retina Display, M3 Chip, Late 2024, Space Gray, 8-Core / 10-Core, 16GB, 70W Adapter, 512GB SSD",No Price Tag,No Rating,https://www.amazon.com/Apple-MacBook-Display-10-Core-Adapter/dp/B0DWV9HV9K/ref=sr_1_14?crid=3CHS3289UBR9B&dib=eyJ2IjoiMSJ9.yGAoIKK5cVh1lv67ya4Rgnw1zHFe4B3fY0BkIwsjE2aVIlMX4AsjgdYF9DdXkp1j4lVqx9QIx8PfCslSuxvzs8BjB2NjQ3F65YVhO67A4QPUlZPdxv1ovp5s3CXfcKrvhMDSS3AukUiY4Xc-d8OSAfsbfjEXB-Pf3b6ku5950fIhuKUsaW8j4crQA26tYKon-qojMsfgHb172ZFnd3bpiRRRox3ZFPUg8VGug8TJsLA.6Z9KAfFuIFBFvqOpu52qhMpXGRMff3oo3QUkmg5Prdw&dib_tag=se&keywords=macbook&qid=1740822722&sprefix=macb%2Caps%2C322&sr=8-14&xpid=h062vM3nTWtUZ
"2020 Apple Mac Mini with Apple M1 Chip (8GB RAM, 256GB SSD Storage) Silver (Renewed Premium)",309.,4.5 out of 5 stars,https://www.amazon.com/Apple-Storage-Silver-Renewed-Premium/dp/B0D6FJ1CKY/ref=sr_1_15?crid=3CHS3289UBR9B&dib=eyJ2IjoiMSJ9.yGAoIKK5cVh1lv67ya4Rgnw1zHFe4B3fY0BkIwsjE2aVIlMX4AsjgdYF9DdXkp1j4lVqx9QIx8PfCslSuxvzs8BjB2NjQ3F65YVhO67A4QPUlZPdxv1ovp5s3CXfcKrvhMDSS3AukUiY4Xc-d8OSAfsbfjEXB-Pf3b6ku5950fIhuKUsaW8j4crQA26tYKon-qojMsfgHb172ZFnd3bpiRRRox3ZFPUg8VGug8TJsLA.6Z9KAfFuIFBFvqOpu52qhMpXGRMff3oo3QUkmg5Prdw&dib_tag=se&keywords=macbook&qid=1740822722&sprefix=macb%2Caps%2C322&sr=8-15&xpid=h062vM3nTWtUZ
"2024 Apple MacBook Pro with Apple M4 Pro Chip (14-Inch, 16GB RAM, 1TB SSD Storage) (QWERTY English) Space Black (Renewed)",No Price Tag,No Rating,https://www.amazon.com/Apple-MacBook-14-Inch-Storage-English/dp/B0DRSTZ9VN/ref=sr_1_16?crid=3CHS3289UBR9B&dib=eyJ2IjoiMSJ9.yGAoIKK5cVh1lv67ya4Rgnw1zHFe4B3fY0BkIwsjE2aVIlMX4AsjgdYF9DdXkp1j4lVqx9QIx8PfCslSuxvzs8BjB2NjQ3F65YVhO67A4QPUlZPdxv1ovp5s3CXfcKrvhMDSS3AukUiY4Xc-d8OSAfsbfjEXB-Pf3b6ku5950fIhuKUsaW8j4crQA26tYKon-qojMsfgHb172ZFnd3bpiRRRox3ZFPUg8VGug8TJsLA.6Z9KAfFuIFBFvqOpu52qhMpXGRMff3oo3QUkmg5Prdw&dib_tag=se&keywords=macbook&qid=1740822722&sprefix=macb%2Caps%2C322&sr=8-16&xpid=h062vM3nTWtUZ
"ASUS 14” FHD Portable Go Laptop 2024 Flagship, Dual-Core Intel Celeron N4500 Processor, 4GB RAM, 128GB Storage (64GB eMMC+64GB SD), WiFi, 720P Webcam, 10+ Hrs Battery, Windows 11S +HubxcelAccessory",229.,3.5 out of 5 stars,https://www.amazon.com/sspa/click?ie=UTF8&spc=MToxMjg5NDE0MzA1NDY2NDE1OjE3NDA4MjI3NDY6c3BfYXRmX25leHQ6MzAwMzg2NDI3MzUyMTAyOjowOjo&url=%2FASUS-14-Go-2024-HubxcelAccessory%2Fdp%2FB0DFG8BFCF%2Fref%3Dsr_1_33_sspa%3Fcrid%3D3CHS3289UBR9B%26dib%3DeyJ2IjoiMSJ9.HZ7OUOytLdj-J-Ip1hGpxoCPUeHT3iI0iWxIJRs-_tEVKIygPWrLapvURbpUVeoiUQJM93EWEFjiFpDDOZwXY15Z_NGRyB8Bsqb7Te4p4i3g1NT8Zh4PZ-H7SlfIl4763hxKE8eHBzaPFZXYdyT32RHF73E5dEkoDRi6gzbJy3pIqS2LhoxTMGz3nXNBrTMPrGMtclPcfKDn7HZm_ie7ou1vxGYUDbmhiMdQRPAedtQ.SvDOa0N6HCM0HJfVEAHCY95A8KhcZrP41hlHJCYxeq4%26dib_tag%3Dse%26keywords%3Dmacbook%26qid%3D1740822746%26sprefix%3Dmacb%252Caps%252C322%26sr%3D8-33-spons%26xpid%3Dh062vM3nTWtUZ%26sp_csd%3Dd2lkZ2V0TmFtZT1zcF9hdGZfbmV4dA%26psc%3D1
"NIMO 15.6 FHD IPS Business & Student Laptop, Intel 12th Gen N100 CPU(Beat i3 1115G4), 16 GB DDR4 RAM, 1TB SSD, WiFi 6, HDMI, 65W Type-C, SD Card Reader, Fingerprint, Backbit Keyboard, Windows 11",No Price Tag,4.2 out of 5 stars,https://www.amazon.com/sspa/click?ie=UTF8&spc=MToxMjg5NDE0MzA1NDY2NDE1OjE3NDA4MjI3NDY6c3BfYXRmX25leHQ6MzAwNjYxMzMyODkyMzAyOjowOjo&url=%2FNIMO-Business-Student-Fingerprint-Keyboard%2Fdp%2FB0DRCJNWM6%2Fref%3Dsr_1_34_sspa%3Fcrid%3D3CHS3289UBR9B%26dib%3DeyJ2IjoiMSJ9.HZ7OUOytLdj-J-Ip1hGpxoCPUeHT3iI0iWxIJRs-_tEVKIygPWrLapvURbpUVeoiUQJM93EWEFjiFpDDOZwXY15Z_NGRyB8Bsqb7Te4p4i3g1NT8Zh4PZ-H7SlfIl4763hxKE8eHBzaPFZXYdyT32RHF73E5dEkoDRi6gzbJy3pIqS2LhoxTMGz3nXNBrTMPrGMtclPcfKDn7HZm_ie7ou1vxGYUDbmhiMdQRPAedtQ.SvDOa0N6HCM0HJfVEAHCY95A8KhcZrP41hlHJCYxeq4%26dib_tag%3Dse%26keywords%3Dmacbook%26qid%3D1740822746%26sprefix%3Dmacb%252Caps%252C322%26sr%3D8-34-spons%26xpid%3Dh062vM3nTWtUZ%26sp_csd%3Dd2lkZ2V0TmFtZT1zcF9hdGZfbmV4dA%26psc%3D1
"TobenONE 18-in-2 MacBook Docking Station Dual Monitor 4K@60Hz, 150 Power Adapter, 20W Charging, USB C Docking Station with 2 HDMI&DP, 7 USB, 2.5Gbps Ethernet, 2 Audio, Dock Stand for MacBook Pro",189.,4.8 out of 5 stars,https://www.amazon.com/TobenONE-MacBook-Docking-Charging-Ethernet/dp/B0DDBV6BG7/ref=sr_1_35?crid=3CHS3289UBR9B&dib=eyJ2IjoiMSJ9.HZ7OUOytLdj-J-Ip1hGpxoCPUeHT3iI0iWxIJRs-_tEVKIygPWrLapvURbpUVeoiUQJM93EWEFjiFpDDOZwXY15Z_NGRyB8Bsqb7Te4p4i3g1NT8Zh4PZ-H7SlfIl4763hxKE8eHBzaPFZXYdyT32RHF73E5dEkoDRi6gzbJy3pIqS2LhoxTMGz3nXNBrTMPrGMtclPcfKDn7HZm_ie7ou1vxGYUDbmhiMdQRPAedtQ.SvDOa0N6HCM0HJfVEAHCY95A8KhcZrP41hlHJCYxeq4&dib_tag=se&keywords=macbook&qid=1740822746&sprefix=macb%2Caps%2C322&sr=8-35&xpid=h062vM3nTWtUZ
for MacBook Pro 14 inch Case 2024-2021 M4 M3 M2 M1 Pro/Max [100% Match Official Color] A3401 A3112 A2992 A2918 A2779 A2442 Matte Cover Protective Hard Shell Case Laptop - Space Black Clear,23.,4.3 out of 5 stars,https://www.amazon.com/MacBook-Pro-14-inch-Scientific/dp/B0CNTHHJW7/ref=sr_1_36?crid=3CHS3289UBR9B&dib=eyJ2IjoiMSJ9.HZ7OUOytLdj-J-Ip1hGpxoCPUeHT3iI0iWxIJRs-_tEVKIygPWrLapvURbpUVeoiUQJM93EWEFjiFpDDOZwXY15Z_NGRyB8Bsqb7Te4p4i3g1NT8Zh4PZ-H7SlfIl4763hxKE8eHBzaPFZXYdyT32RHF73E5dEkoDRi6gzbJy3pIqS2LhoxTMGz3nXNBrTMPrGMtclPcfKDn7HZm_ie7ou1vxGYUDbmhiMdQRPAedtQ.SvDOa0N6HCM0HJfVEAHCY95A8KhcZrP41hlHJCYxeq4&dib_tag=se&keywords=macbook&qid=1740822746&sprefix=macb%2Caps%2C322&sr=8-36&xpid=h062vM3nTWtUZ
"TobenONE MacBook Pro Docking Station Dual 4K@60Hz Monitor, 16-in-2 USB C Docking Station Stand with 2.5Gbps Ethernet,100W GaN Power Supply, 2 HDMI&Displayport, 5 USB Ports",179.,4.6 out of 5 stars,https://www.amazon.com/TobenONE-MacBook-Docking-Ethernet-Displayport/dp/B0D9H1KB3P/ref=sr_1_37?crid=3CHS3289UBR9B&dib=eyJ2IjoiMSJ9.HZ7OUOytLdj-J-Ip1hGpxoCPUeHT3iI0iWxIJRs-_tEVKIygPWrLapvURbpUVeoiUQJM93EWEFjiFpDDOZwXY15Z_NGRyB8Bsqb7Te4p4i3g1NT8Zh4PZ-H7SlfIl4763hxKE8eHBzaPFZXYdyT32RHF73E5dEkoDRi6gzbJy3pIqS2LhoxTMGz3nXNBrTMPrGMtclPcfKDn7HZm_ie7ou1vxGYUDbmhiMdQRPAedtQ.SvDOa0N6HCM0HJfVEAHCY95A8KhcZrP41hlHJCYxeq4&dib_tag=se&keywords=macbook&qid=1740822746&sprefix=macb%2Caps%2C322&sr=8-37&xpid=h062vM3nTWtUZ
"Wireless Bluetooth Keyboard and Mouse for Mac, Multi-Device Rechargeable Keyboard and Mouse Stainless Steel Full Size, Compatible with MacBook Pro/Air, iPad, iMac - White Silver",47.,4.3 out of 5 stars,https://www.amazon.com/Bluetooth-Multi-Device-Rechargeable-Stainless-Compatible/dp/B0CG9G8Y97/ref=sr_1_38?crid=3CHS3289UBR9B&dib=eyJ2IjoiMSJ9.HZ7OUOytLdj-J-Ip1hGpxoCPUeHT3iI0iWxIJRs-_tEVKIygPWrLapvURbpUVeoiUQJM93EWEFjiFpDDOZwXY15Z_NGRyB8Bsqb7Te4p4i3g1NT8Zh4PZ-H7SlfIl4763hxKE8eHBzaPFZXYdyT32RHF73E5dEkoDRi6gzbJy3pIqS2LhoxTMGz3nXNBrTMPrGMtclPcfKDn7HZm_ie7ou1vxGYUDbmhiMdQRPAedtQ.SvDOa0N6HCM0HJfVEAHCY95A8KhcZrP41hlHJCYxeq4&dib_tag=se&keywords=macbook&qid=1740822746&sprefix=macb%2Caps%2C322&sr=8-38&xpid=h062vM3nTWtUZ
"tomtoc 360° Protective Laptop Sleeve for 13-inch MacBook Air M3/A3113 2024, M2/A2681 M1/A2337 A2179 A1932 2024-2018, 13-inch MacBook Pro M2/A2686 M1/A2338 2024-2016, Water-Resistant MacBook Case Bag",28.,4.8 out of 5 stars,https://www.amazon.com/tomtoc-Protective-13-inch-Notebook-Accessory/dp/B01N590YOT/ref=sr_1_39?crid=3CHS3289UBR9B&dib=eyJ2IjoiMSJ9.HZ7OUOytLdj-J-Ip1hGpxoCPUeHT3iI0iWxIJRs-_tEVKIygPWrLapvURbpUVeoiUQJM93EWEFjiFpDDOZwXY15Z_NGRyB8Bsqb7Te4p4i3g1NT8Zh4PZ-H7SlfIl4763hxKE8eHBzaPFZXYdyT32RHF73E5dEkoDRi6gzbJy3pIqS2LhoxTMGz3nXNBrTMPrGMtclPcfKDn7HZm_ie7ou1vxGYUDbmhiMdQRPAedtQ.SvDOa0N6HCM0HJfVEAHCY95A8KhcZrP41hlHJCYxeq4&dib_tag=se&keywords=macbook&qid=1740822746&sprefix=macb%2Caps%2C322&sr=8-39&xpid=h062vM3nTWtUZ
"MOSISO Compatible with MacBook Air 13 inch Case 2025 2024 2023 2022 M3 A3113 M2 A2681, Plastic Hard Shell&Keyboard Cover&Screen Film&Type C Adapter for MacBook Air 13.6 inch Case, Crystal Clear",12.,4.3 out of 5 stars,https://www.amazon.com/MOSISO-Compatible-MacBook-Keyboard-Protector/dp/B0B7H3V2V7/ref=sr_1_40?crid=3CHS3289UBR9B&dib=eyJ2IjoiMSJ9.HZ7OUOytLdj-J-Ip1hGpxoCPUeHT3iI0iWxIJRs-_tEVKIygPWrLapvURbpUVeoiUQJM93EWEFjiFpDDOZwXY15Z_NGRyB8Bsqb7Te4p4i3g1NT8Zh4PZ-H7SlfIl4763hxKE8eHBzaPFZXYdyT32RHF73E5dEkoDRi6gzbJy3pIqS2LhoxTMGz3nXNBrTMPrGMtclPcfKDn7HZm_ie7ou1vxGYUDbmhiMdQRPAedtQ.SvDOa0N6HCM0HJfVEAHCY95A8KhcZrP41hlHJCYxeq4&dib_tag=se&keywords=macbook&qid=1740822746&sprefix=macb%2Caps%2C322&sr=8-40&xpid=h062vM3nTWtUZ
"Kensington MP14 Magnetic MacBook Pro Privacy Screen for 14 inch MacBook Pro (2021-2024, M1, M2, M3, M4, Pro, Max), Removable Laptop Privacy Screen, Anti Glare Blue Light MacBook Mac Screen Protector",37.,4.2 out of 5 stars,https://www.amazon.com/Kensington-MacBook-Magnetic-Privacy-Screen/dp/B0BZYKKHY8/ref=sr_1_41?crid=3CHS3289UBR9B&dib=eyJ2IjoiMSJ9.HZ7OUOytLdj-J-Ip1hGpxoCPUeHT3iI0iWxIJRs-_tEVKIygPWrLapvURbpUVeoiUQJM93EWEFjiFpDDOZwXY15Z_NGRyB8Bsqb7Te4p4i3g1NT8Zh4PZ-H7SlfIl4763hxKE8eHBzaPFZXYdyT32RHF73E5dEkoDRi6gzbJy3pIqS2LhoxTMGz3nXNBrTMPrGMtclPcfKDn7HZm_ie7ou1vxGYUDbmhiMdQRPAedtQ.SvDOa0N6HCM0HJfVEAHCY95A8KhcZrP41hlHJCYxeq4&dib_tag=se&keywords=macbook&qid=1740822746&sprefix=macb%2Caps%2C322&sr=8-41&xpid=h062vM3nTWtUZ
"7-in-1 USB-C Hub with 100W PD, 4K HDMI, 3 USB Ports, SD/TF Card Reader - Compatible with MacBook Pro/Air, iPad, iPhone 15 and More",4.,4.0 out of 5 stars,https://www.amazon.com/Powered-USB-C-Multiport-Hub-Adapter/dp/B0CNT7ZZ6J/ref=sr_1_42?crid=3CHS3289UBR9B&dib=eyJ2IjoiMSJ9.HZ7OUOytLdj-J-Ip1hGpxoCPUeHT3iI0iWxIJRs-_tEVKIygPWrLapvURbpUVeoiUQJM93EWEFjiFpDDOZwXY15Z_NGRyB8Bsqb7Te4p4i3g1NT8Zh4PZ-H7SlfIl4763hxKE8eHBzaPFZXYdyT32RHF73E5dEkoDRi6gzbJy3pIqS2LhoxTMGz3nXNBrTMPrGMtclPcfKDn7HZm_ie7ou1vxGYUDbmhiMdQRPAedtQ.SvDOa0N6HCM0HJfVEAHCY95A8KhcZrP41hlHJCYxeq4&dib_tag=se&keywords=macbook&qid=1740822746&sprefix=macb%2Caps%2C322&sr=8-42&xpid=h062vM3nTWtUZ
"MOSISO Compatible with MacBook Air 13 inch Case 2025 2024 2023 2022 M3 A3113 M2 A2681, Plastic Hard Shell&Sleeve Bag&Keyboard Skin&Webcam Cover&Screen Film for MacBook Air 13.6 inch, Baby Pink",29.,4.4 out of 5 stars,https://www.amazon.com/MOSISO-Compatible-Carrying-Keyboard-Protector/dp/B0B9B3WG48/ref=sr_1_43?crid=3CHS3289UBR9B&dib=eyJ2IjoiMSJ9.HZ7OUOytLdj-J-Ip1hGpxoCPUeHT3iI0iWxIJRs-_tEVKIygPWrLapvURbpUVeoiUQJM93EWEFjiFpDDOZwXY15Z_NGRyB8Bsqb7Te4p4i3g1NT8Zh4PZ-H7SlfIl4763hxKE8eHBzaPFZXYdyT32RHF73E5dEkoDRi6gzbJy3pIqS2LhoxTMGz3nXNBrTMPrGMtclPcfKDn7HZm_ie7ou1vxGYUDbmhiMdQRPAedtQ.SvDOa0N6HCM0HJfVEAHCY95A8KhcZrP41hlHJCYxeq4&dib_tag=se&keywords=macbook&qid=1740822746&sprefix=macb%2Caps%2C322&sr=8-43&xpid=h062vM3nTWtUZ
"Adjustable Computer Stand with 360 Rotating Base, Ergonimic Foldable Laptop Riser for Desk Compatible with MacBook Pro/Air Notebook up to 16 Inches, Silver",35.,4.7 out of 5 stars,https://www.amazon.com/Adjustable-Rotating-Computer-Ergonimic-Compatible/dp/B0B1LH9RDT/ref=sr_1_44?crid=3CHS3289UBR9B&dib=eyJ2IjoiMSJ9.HZ7OUOytLdj-J-Ip1hGpxoCPUeHT3iI0iWxIJRs-_tEVKIygPWrLapvURbpUVeoiUQJM93EWEFjiFpDDOZwXY15Z_NGRyB8Bsqb7Te4p4i3g1NT8Zh4PZ-H7SlfIl4763hxKE8eHBzaPFZXYdyT32RHF73E5dEkoDRi6gzbJy3pIqS2LhoxTMGz3nXNBrTMPrGMtclPcfKDn7HZm_ie7ou1vxGYUDbmhiMdQRPAedtQ.SvDOa0N6HCM0HJfVEAHCY95A8KhcZrP41hlHJCYxeq4&dib_tag=se&keywords=macbook&qid=1740822746&sprefix=macb%2Caps%2C322&sr=8-44&xpid=h062vM3nTWtUZ
"KLO Rechargeable Bluetooth 5.2/3.0/Type-C/USB-2.4G Mouse for MacBook/MacBook air/Pro/iPad, Wireless Mouse for Laptop/Notebook/pc/iPad/Chromebook (Black)",11.,4.3 out of 5 stars,https://www.amazon.com/Rechargeable-Bluetooth-Laptop-Wireless-MacBook/dp/B07R22YVNP/ref=sr_1_45?crid=3CHS3289UBR9B&dib=eyJ2IjoiMSJ9.HZ7OUOytLdj-J-Ip1hGpxoCPUeHT3iI0iWxIJRs-_tEVKIygPWrLapvURbpUVeoiUQJM93EWEFjiFpDDOZwXY15Z_NGRyB8Bsqb7Te4p4i3g1NT8Zh4PZ-H7SlfIl4763hxKE8eHBzaPFZXYdyT32RHF73E5dEkoDRi6gzbJy3pIqS2LhoxTMGz3nXNBrTMPrGMtclPcfKDn7HZm_ie7ou1vxGYUDbmhiMdQRPAedtQ.SvDOa0N6HCM0HJfVEAHCY95A8KhcZrP41hlHJCYxeq4&dib_tag=se&keywords=macbook&qid=1740822746&sprefix=macb%2Caps%2C322&sr=8-45&xpid=h062vM3nTWtUZ
"UGREEN Revodok 105 USB C Hub 5 in 1 Multiport Adapter 4K HDMI, 100W Power Delivery, 3 USB-A Data Ports, USB C Dongle for MacBook Pro/Air, iPad Pro, iMac, iPhone 15 Pro/Pro Max, XPS, Thinkpad",15.,4.6 out of 5 stars,https://www.amazon.com/UGREEN-Delivery-Multiport-Adapter-Thinkpad/dp/B0BR3M8XHK/ref=sr_1_46?crid=3CHS3289UBR9B&dib=eyJ2IjoiMSJ9.HZ7OUOytLdj-J-Ip1hGpxoCPUeHT3iI0iWxIJRs-_tEVKIygPWrLapvURbpUVeoiUQJM93EWEFjiFpDDOZwXY15Z_NGRyB8Bsqb7Te4p4i3g1NT8Zh4PZ-H7SlfIl4763hxKE8eHBzaPFZXYdyT32RHF73E5dEkoDRi6gzbJy3pIqS2LhoxTMGz3nXNBrTMPrGMtclPcfKDn7HZm_ie7ou1vxGYUDbmhiMdQRPAedtQ.SvDOa0N6HCM0HJfVEAHCY95A8KhcZrP41hlHJCYxeq4&dib_tag=se&keywords=macbook&qid=1740822746&sprefix=macb%2Caps%2C322&sr=8-46&xpid=h062vM3nTWtUZ
"Mac Book Pro Charger - 120W USB C Fast Charger Adapter Compatible with MacBook Pro & MacBook Air 13, 14, 15, 16 inch, iPad Pro, Samsung Galaxy and All USB C Device",23.,4.4 out of 5 stars,https://www.amazon.com/Mac-Book-Pro-Charger-Included/dp/B09MY5FF73/ref=sr_1_47?crid=3CHS3289UBR9B&dib=eyJ2IjoiMSJ9.HZ7OUOytLdj-J-Ip1hGpxoCPUeHT3iI0iWxIJRs-_tEVKIygPWrLapvURbpUVeoiUQJM93EWEFjiFpDDOZwXY15Z_NGRyB8Bsqb7Te4p4i3g1NT8Zh4PZ-H7SlfIl4763hxKE8eHBzaPFZXYdyT32RHF73E5dEkoDRi6gzbJy3pIqS2LhoxTMGz3nXNBrTMPrGMtclPcfKDn7HZm_ie7ou1vxGYUDbmhiMdQRPAedtQ.SvDOa0N6HCM0HJfVEAHCY95A8KhcZrP41hlHJCYxeq4&dib_tag=se&keywords=macbook&qid=1740822746&sprefix=macb%2Caps%2C322&sr=8-47&xpid=h062vM3nTWtUZ
"InnoView Portable Monitor, 15.6 Inch FHD 1080P HDMI USB C Second External Monitor for Laptop, Desktop, MacBook, Phones, Tablet, PS5/4, Xbox, Switch, Built-in Speaker with Protective Case",64.,4.4 out of 5 stars,https://www.amazon.com/Portable-Monitor-InnoView-External-Protective/dp/B095GG31KX/ref=sr_1_48?crid=3CHS3289UBR9B&dib=eyJ2IjoiMSJ9.HZ7OUOytLdj-J-Ip1hGpxoCPUeHT3iI0iWxIJRs-_tEVKIygPWrLapvURbpUVeoiUQJM93EWEFjiFpDDOZwXY15Z_NGRyB8Bsqb7Te4p4i3g1NT8Zh4PZ-H7SlfIl4763hxKE8eHBzaPFZXYdyT32RHF73E5dEkoDRi6gzbJy3pIqS2LhoxTMGz3nXNBrTMPrGMtclPcfKDn7HZm_ie7ou1vxGYUDbmhiMdQRPAedtQ.SvDOa0N6HCM0HJfVEAHCY95A8KhcZrP41hlHJCYxeq4&dib_tag=se&keywords=macbook&qid=1740822746&sprefix=macb%2Caps%2C322&sr=8-48&xpid=h062vM3nTWtUZ
"Charger for MacBook Air MacBook Pro 13 14 15 16 inch 2024 2023 2022 2021 2020, M1 M2 M3 M4 Laptop 70W USB C Power Adapter, iPad, LED, 6.6FT USB-C Cable, Charging as Fast as Original Quality",27.,4.5 out of 5 stars,https://www.amazon.com/Charger-Adapter-Compatible-Thunderbolt-Foldable/dp/B08LVD89GV/ref=sr_1_49?crid=3CHS3289UBR9B&dib=eyJ2IjoiMSJ9.HZ7OUOytLdj-J-Ip1hGpxoCPUeHT3iI0iWxIJRs-_tEVKIygPWrLapvURbpUVeoiUQJM93EWEFjiFpDDOZwXY15Z_NGRyB8Bsqb7Te4p4i3g1NT8Zh4PZ-H7SlfIl4763hxKE8eHBzaPFZXYdyT32RHF73E5dEkoDRi6gzbJy3pIqS2LhoxTMGz3nXNBrTMPrGMtclPcfKDn7HZm_ie7ou1vxGYUDbmhiMdQRPAedtQ.SvDOa0N6HCM0HJfVEAHCY95A8KhcZrP41hlHJCYxeq4&dib_tag=se&keywords=macbook&qid=1740822746&sprefix=macb%2Caps%2C322&sr=8-49&xpid=h062vM3nTWtUZ
"85W Mac Book Pro Charger, Replacement AC 85w 2T-Tip Connector Power Adapter,Laptop Charger Compatible with MacBook pro & Mac Book Pro 13 inch-15 inch Retina After Mid 2012",16.,4.3 out of 5 stars,https://www.amazon.com/NSPENCM-Charger-Replacement-Connector-Compatible/dp/B09BVKYWJ5/ref=sr_1_50?crid=3CHS3289UBR9B&dib=eyJ2IjoiMSJ9.HZ7OUOytLdj-J-Ip1hGpxoCPUeHT3iI0iWxIJRs-_tEVKIygPWrLapvURbpUVeoiUQJM93EWEFjiFpDDOZwXY15Z_NGRyB8Bsqb7Te4p4i3g1NT8Zh4PZ-H7SlfIl4763hxKE8eHBzaPFZXYdyT32RHF73E5dEkoDRi6gzbJy3pIqS2LhoxTMGz3nXNBrTMPrGMtclPcfKDn7HZm_ie7ou1vxGYUDbmhiMdQRPAedtQ.SvDOa0N6HCM0HJfVEAHCY95A8KhcZrP41hlHJCYxeq4&dib_tag=se&keywords=macbook&qid=1740822746&sprefix=macb%2Caps%2C322&sr=8-50&xpid=h062vM3nTWtUZ
